from,to,weight,block
1,3,130,B
1,4,260,A
1,5,260,A
2,1,250,A
2,3,280,A
2,5,229.99999999999997,A
3,2,160,B
3,5,280,A
4,1,120,B
4,2,220.00000000000003,A
4,3,180,B
4,5,290,A
5,1,270,A
5,4,120,B
