id,group,pop_density
1,TRUE,10577.275043673964
2,FALSE,11171.322832149288
3,FALSE,11039.641021663037
4,TRUE,15840.73239241216
5,FALSE,7236.344078686032
