percent,pop_nonwhite,pop_lower_income
0.5,0.25961538461538464,0.12980769230769232
0.55,0.2091346153846154,0.07692307692307693
0.6,0.1875,0.040865384615384616
0.67,0.12740384615384615,0.019230769230769232
