rush,n,mean,sd,median,lower,upper,min,max
NA,283,4539.121424030515,7240.355735509316,1892,517,23424.700000000004,100,82756
NA,299,6313.651428571428,9650.89989154492,2469.5,742.75,32364.849999999984,100,98936
